"Group","GMFE"
"BAY 79-4620 - autoradiography",1.48379150668811
"BAY 79-4620 - tissue dissection",1.62289534711303
"All",1.52844578715855
