"Time [h]","Measurement [mg/l]"
2,0.19173
4,0.27727
24,0.27017
48,0.22359
72,0.20727
96,0.071384
168,0.043933
