"Time [h]","Measurement [mg/l]"
2,1.8131
4,1.703
24,0.99905
48,0.72484
72,0.4836
96,0.34107
168,0.097561
