"Time [h]","Measurement [mg/l]"
2,2.0112
4,1.4032
24,1.2898
48,0.49695
72,0.21533
96,0.39352
