"Time [h]","Measurement [mg/l]"
2,0.68221
4,1.3055
24,0.58871
48,0.24557
72,0.26179
96,0.18457
168,0.0596
