"Time [h]","Measurement [mg/l]"
2,4.2578
4,2.6658
24,2.1702
48,1.2093
72,0.30359
96,0.64696
