"Time [h]","Measurement [mg/l]"
2,0.75012
4,0.52605
24,0.27912
48,0.23885
72,0.13244
96,0.15594
168,0.042304
