"Time [h]","Measurement [mg/l]"
2,2.8723
4,2.1467
24,1.1974
48,0.74106
72,0.20534
96,0.62197
