"Time [h]","Measurement [mg/l]"
2,0.70758
4,0.99416
24,1.1962
48,1.2196
72,0.54885
96,1.0503
