"Time [h]","Measurement [mg/l]"
2,0.98989
4,1.4136
24,0.60498
48,0.40099
72,0.27203
96,0.25352
