"Time [h]","Measurement [mg/l]"
2,0.8903
4,1.1466
24,0.43466
48,0.37134
72,0.212
96,0.1902
