"Time [h]","Measurement [mg/l]"
2,0.33117
4,0.47726
24,0.42491
48,0.24507
72,0.086171
96,0.17395
