"Time [h]","Measurement [mg/l]"
2,0.25573
4,0.1899
24,0.13588
48,0.084714
72,0.041612
96,0.074111
