"Time [h]","Measurement [mg/l]"
2,0.19039
4,0.16376
24,0.16275
48,0.12717
72,0.073438
96,0.06138
168,0.020941
