"Time [h]","Measurement [mg/l]"
2,6.1368
4,2.7951
24,1.4876
48,1.9949
72,0.79746
96,0.65186
168,0.21355
