"Time [h]","Measurement [mg/l]"
2,0.29398
4,0.59473
24,0.63778
48,0.41844
72,0.28759
96,0.21541
168,0.096584
