"Time [h]","Measurement [mg/l]"
2,1.6113
4,1.2665
24,0.4951
48,0.43026
72,0.39333
96,0.26214
168,0.19185
