"Time [h]","Measurement [mg/l]"
2,0.44917
4,0.69314
24,0.62841
48,0.4713
72,0.17377
96,0.18756
