"Time [h]","Measurement [mg/l]"
2,0.57724
4,0.69902
24,1.7747
48,2.0241
72,1.2326
96,1.4583
168,0.59688
