"Time [h]","Measurement [mg/l]"
2,0.21884
4,0.22431
24,0.10268
48,0.13404
72,0.058369
96,0.048421
168,0.018926
