"Time [h]","Measurement [mg/l]"
2,3.065
4,1.878
24,1.4264
48,0.80459
72,0.31176
96,0.5969599
