"Time [h]","Measurement [mg/l]"
2,3.6688
4,3.4251
24,1.8952
48,1.702
72,0.84213
96,0.67795
168,0.25948
