"Time [h]","Measurement [mg/l]"
2,3.0539
4,2.389
24,1.2587
48,1.0035
72,0.58766
96,0.43598
168,0.16765
