"Time [h]","Measurement [mg/l]"
2,3.1231
4,3.1756
24,1.1764
48,0.79057
72,0.51566
96,0.49111
168,0.16561
