"Time [h]","Measurement [mg/l]"
2,2.0667
4,2.146
24,0.62278
48,0.38047
72,0.37714
96,0.20527
168,0.064082
