"Time [h]","Measurement [mg/l]"
2,0.17241
4,0.26665
24,0.24076
48,0.34423
72,0.065036
96,0.10928
