"Time [h]","Measurement [mg/l]"
2,0.66448
4,1.1495
24,0.40044
48,0.36097
72,0.14621
96,0.20077
