"Time [h]","Measurement [mg/l]"
2,0.18538
4,0.17285
24,0.16279
48,0.1231
72,0.032437
96,0.086608
