"Group","GMFE"
"FcRn KO mouse",1.52389329438578
"Wild-type mouse",1.29354005872814
"All",1.3899211647033
