"Time [h]","Measurement [µmol/l]","Error [µmol/l]"
12,0.571355,0.3182417
24,0.2488562,0.126801
48,0.06973684,0.03250604
72,0.02607392,0.01711784
96,0.00808945,0.004906994
